Feature,CV(%),Mean,Std
Complain,1046.181483067958,0.009057971014492754,0.09476281549528606
AcceptedCmp2,852.2493492695155,0.01358695652173913,0.11579474854205374
AcceptedCmp1,382.9649693693634,0.06385869565217392,0.24455643424402287
AcceptedCmp5,357.85192088540964,0.07246376811594203,0.25931298614884757
AcceptedCmp3,354.28374102237194,0.07382246376811594,0.26154098635256623
AcceptedCmp4,353.1155880754771,0.07427536231884058,0.2622778824473652
Response,238.18615151216008,0.14990942028985507,0.35706347894259505
MntSweetProducts,151.89774000003652,27.065217391304348,41.11145354348814
MntFruits,151.08285567563817,26.298007246376812,39.73178033361235
MntFishProducts,145.43702098163794,37.52717391304348,54.578403797728804
MntMeatProducts,134.3178248418659,167.00407608695653,224.3162423972547
Kidhome,121.38614699643004,0.442481884057971,0.5371117102151819
MntGoldProds,117.65853940188067,43.78260869565217,51.51397790334514
MntWines,110.60847396790629,305.22690217391306,337.60681863407945
NumCatalogPurchases,109.58276269077105,2.6693840579710146,2.925184797551651
Teenhome,107.5989884630921,0.5058876811594203,0.5443300276869288
Total_Spending,99.31982231902076,606.9039855072464,602.7759600528526
NumDealsPurchases,82.85616871387148,2.322463768115942,1.9243044980286816
Total_Children,79.04093211670897,0.9483695652173914,0.7496001442590063
NumWebPurchases,67.13502829426012,4.086050724637682,2.743171310103328
Recency,58.98286674626437,49.05751811594203,28.93553053935059
Customer_Tenure_Days,57.27205914659045,353.4651268115942,202.43675649010714
NumStorePurchases,56.044457645900266,5.805706521739131,3.253776732621357
Total_Purchases,51.57322751330786,14.883605072463768,7.675955506203968
NumWebVisitsMonth,45.536791572973016,5.322463768115942,2.4236792326339627
Income,41.461873339444374,51943.520833333336,21536.756815964567
Age,25.93951885501632,45.0955615942029,11.697571702503758
Year_Birth,0.5941157668360569,1968.904438405797,11.69757170250376
